Title,Image,icons,propertylistdetails_URL,Like,iconbeds,iconbaths,icongarages,margintop15
"GHC18,000 pm",https://d2rvx5os0838iz.cloudfront.net/uploads/listings/2016/01/1e509c452c84ef7_t_w_320_h_240.jpg,5 Photos,https://www.brollghana.com/results/residential/to-let/accra/osu/apartment/4/,3 Bedroom Apartment To Let in Osu,3,2.5,0,"
        This is a multipart  located at Osu. The development has one and three bedroom apartments, with...
        "
"GHC90,000 pm",https://d2rvx5os0838iz.cloudfront.net/uploads/listings/2021/11/09e5c14b0b3881d_t_w_320_h_240.jpeg,20 Photos,https://www.brollghana.com/results/residential/to-let/accra/ridge/house/454/,5 Bedroom House To Let in Ridge,5,4.5,2,"
        ($9000)

Located in the coveted Ridge neighbourhood is this stunning development 0.6 acres of...
        "
"GHC56,000 pm",https://d2rvx5os0838iz.cloudfront.net/uploads/listings/2020/12/45e93a154c16d05_t_w_320_h_240.jpeg,6 Photos,https://www.brollghana.com/results/residential/to-let/accra/cantonments/detached/370/,4 Bedroom Detached To Let in Cantonments,4,3.5,0,"
        ($7000)

Distinguished with a captivating view, this beautiful property really exempts itself...
        "
"GHC65,000 pm",https://d2rvx5os0838iz.cloudfront.net/uploads/listings/2022/08/6c76f26bc92d54a_t_w_320_h_240.jpg,32 Photos,https://www.brollghana.com/results/residential/to-let/accra/cantonments/compound/585/,Compound To Let in Cantonments,0,3.5,0,"
        ($ 6,500)

This is a very large multi-functional commercial and residential space with high speed...
        "
"GHC55,000 pm",https://d2rvx5os0838iz.cloudfront.net/uploads/listings/2022/04/c034de533fc1fa2_t_w_320_h_240.jpeg,38 Photos,https://www.brollghana.com/results/residential/to-let/accra/airport-residential-area/house/527/,4 Bedroom House To Let in Airport Area,4,4.5,0,"
        ($5,500)

This captivating four-bedroom home is located in the calm and plush Airport Residential...
        "
"GHC45,000 pm",https://d2rvx5os0838iz.cloudfront.net/uploads/listings/2022/05/ec5df76ff7c43b1_t_w_320_h_240.jpeg,8 Photos,https://www.brollghana.com/results/residential/to-let/accra/cantonments/house/531/,4 Bedroom House To Let in Cantonments,4,4,0,"
        ($4,500)
This one-of-a-kind colonial-styled four-bedroom house is located in the highly desirable...
        "
"GHC50,000 pm",https://d2rvx5os0838iz.cloudfront.net/uploads/listings/2022/09/1f4ac32b59fe53b_t_w_320_h_240.jpeg,21 Photos,https://www.brollghana.com/results/residential/to-let/accra/abelemkpe/house/587/,4 Bedroom House To Let in Abelemkpe,4,4,1,"
        ($5,000)
This beautiful 4 bedroom home can be found in the urban enclave of Abelemkpe . One is...
        "
"GHC45,000 pm",https://d2rvx5os0838iz.cloudfront.net/uploads/listings/2022/01/9404a0894c1e0ab_t_w_320_h_240.jpg,23 Photos,https://www.brollghana.com/results/residential/to-let/accra/airport/apartment/487/,3 Bedroom Apartment To Let in Airport,3,2.5,0,"
        ($4,500-Furnished/ $3,500-Unfurnished)

With several leisure activities at your doorstep, trying...
        "
"GHC48,000 pm",https://d2rvx5os0838iz.cloudfront.net/uploads/listings/2021/04/ae3bdd52e719890_t_w_320_h_240.jpg,19 Photos,https://www.brollghana.com/results/residential/to-let/accra/labone/townhouse/326/,4 Bedroom Townhouse To Let in Labone,4,4,0,"
        ($6,000 p/m)

Located in the heart of Labone is a four bedroom house with a modern kitchen,...
        "
"GHC45,000 pm",https://d2rvx5os0838iz.cloudfront.net/uploads/listings/2022/06/4a1723aab7d7003_t_w_320_h_240.jpeg,39 Photos,https://www.brollghana.com/results/residential/to-let/accra/adjiringanor/house/557/,5 Bedroom House To Let in Adjiringanor,5,5.5,2,"
        ($4,500)
This lovely two-story home is located in a secluded Adjiringanor neighborhood. Due...
        "
"GHC44,000 pm",https://d2rvx5os0838iz.cloudfront.net/uploads/listings/2022/03/f4a5fca5237b388_t_w_320_h_240.jpeg,30 Photos,https://www.brollghana.com/results/residential/to-let/accra/airport-residential-area/house/524/,4 Bedroom House To Let in Airport Area,4,4.5,1,"
        ($5,500)
This lovely 4-bedroom house is nestled peacefully in the Airport Residential Area. Due to...
        "
"GHC40,000 pm",https://d2rvx5os0838iz.cloudfront.net/uploads/listings/2020/03/78f5a4b50f33207_t_w_320_h_240.jpeg,14 Photos,https://www.brollghana.com/results/residential/to-let/accra/airport-residential-area/townhouse/323/,4 Bedroom Townhouse To Let in Airport Area,4,4,0,"
        ($5,000pm)
This is the latest community of luxury townhomes in the Airport Residential area. The...
        "
"GHC43,200 pm",https://d2rvx5os0838iz.cloudfront.net/uploads/listings/2017/02/76b8cc1e2e4d6b3_t_w_320_h_240.jpg,9 Photos,https://www.brollghana.com/results/residential/to-let/accra/airport-residential-area/apartment/142/,3 Bedroom Apartment To Let in Airport Area,3,3.5,0,"
        APARTMENT FOR RENT,  VILLAGGIO AQUA

RENT: $6,000.00
LOCATION: AIRPORT
FURNISHING: FULLY...
        "
"GHC43,200 pm",https://d2rvx5os0838iz.cloudfront.net/uploads/listings/2020/09/f759bed09f5e48c_t_w_320_h_240.jpg,8 Photos,https://www.brollghana.com/results/residential/to-let/accra/ridge/house/6/,4 Bedroom House To Let in Ridge,4,3.5,0,"
        $6000

This is an enviable development located in Ridge. The development has four bedrooms,...
        "
"GHC40,000 pm",https://d2rvx5os0838iz.cloudfront.net/uploads/listings/2018/01/c4ed8b40a8f0567_t_w_320_h_240.jpg,11 Photos,https://www.brollghana.com/results/residential/to-let/accra/airport-residential-area/penthouse/172/,4 Bedroom Penthouse To Let in Airport Area,4,4.5,0,"
        ($5,000)
This remarkable and beautifully furnished penthouse is located in the plush Airport...
        "
"GHC36,000 pm",https://d2rvx5os0838iz.cloudfront.net/uploads/listings/2021/08/ae3ad5453670585_t_w_320_h_240.jpeg,21 Photos,https://www.brollghana.com/results/residential/to-let/accra/cantonments/townhouse/432/,4 Bedroom Townhouse To Let in Cantonments,4,4,0,"
        ($4,500)

This property offers a unique space that is centered around security and privacy. With...
        "
"GHC36,000 pm",https://d2rvx5os0838iz.cloudfront.net/uploads/listings/2018/05/ba49720b655228f_t_w_320_h_240.jpg,6 Photos,https://www.brollghana.com/results/residential/to-let/accra/airport-residential-area/penthouse/200/,4 Bedroom Penthouse To Let in Airport Area,4,3.5,0,"
        FOUR BEDROOM PENTHOUSE- UNFURNISHED
-
AIRPORT 
This beautiful apartment is located in Airport...
        "
"GHC36,000 pm",https://d2rvx5os0838iz.cloudfront.net/uploads/listings/2022/05/554df8767435f6f_t_w_320_h_240.jpg,15 Photos,https://www.brollghana.com/results/residential/to-let/accra/airport-residential-area/penthouse/541/,3 Bedroom Penthouse To Let in Airport Area,3,4,0,"
        3 BEDROOM PENTHOUSE FOR RENT

($4,500)

Perched on the highest floor of a multi-storey...
        "
"GHC40,000 pm",https://d2rvx5os0838iz.cloudfront.net/uploads/listings/2020/03/14ee0b76e37ba4e_t_w_320_h_240.jpg,13 Photos,https://www.brollghana.com/results/residential/to-let/accra/airport-residential-area/apartment/319/,4 Bedroom Apartment To Let in Airport Area,4,4,0,"
        ($5,000pm)
This serviced and gated community apartment located in the heart of Airport Residential...
        "
"GHC36,000 pm",https://d2rvx5os0838iz.cloudfront.net/uploads/listings/2020/07/12ec9c211adeba3_t_w_320_h_240.jpeg,14 Photos,https://www.brollghana.com/results/residential/to-let/accra/ridge/townhouse/281/,4 Bedroom Townhouse To Let in Ridge,4,4,0,"
        ($4,500pm)
This is a prestigious development that gives value for money. It denotes everything...
        "
"GHC36,000 pm",https://d2rvx5os0838iz.cloudfront.net/uploads/listings/2021/02/f2db4cf0ae06973_t_w_320_h_240.jpeg,34 Photos,https://www.brollghana.com/results/residential/to-let/accra/cantonments/detached/377/,4 Bedroom Detached To Let in Cantonments,4,3.5,1,"
        ($4,500)
A truly wonderful space to live in, this detached house comes readily available with a...
        "
"GHC35,200 pm",https://d2rvx5os0838iz.cloudfront.net/uploads/listings/2021/03/e05af0edb2b3e04_t_w_320_h_240.jpeg,28 Photos,https://www.brollghana.com/results/residential/to-let/accra/airport-residential-area/apartment/387/,3 Bedroom Apartment To Let in Airport Area,3,3,0,"
        ($4400)
Apartment Units of this impeccable complex clearly exhibits what a comfortable, safe and...
        "
"GHC36,000 pm",https://d2rvx5os0838iz.cloudfront.net/uploads/listings/2022/05/aca1e3573e9dab3_t_w_320_h_240.jpeg,34 Photos,https://www.brollghana.com/results/residential/to-let/accra/labone/house/547/,4 Bedroom House To Let in Labone,4,5,1,"
        ($4,500)

This lovely home is found in the coveted Labone Neighbourhood. This home stands three...
        "
"GHC35,000 pm",https://d2rvx5os0838iz.cloudfront.net/uploads/listings/2021/12/78bd8f55df9f567_t_w_320_h_240.jpeg,30 Photos,https://www.brollghana.com/results/residential/to-let/accra/ridge/house/461/,3 Bedroom House To Let in Ridge,3,3.5,0,"
        ($3,500)

This colonial styled two storey home lined to Dr. Isert Street in the highly desired...
        "
"GHC36,000 pm",https://d2rvx5os0838iz.cloudfront.net/uploads/listings/2021/05/8d9924f06853ad0_t_w_320_h_240.jpeg,21 Photos,https://www.brollghana.com/results/residential/to-let/accra/cantonments/detached/413/,4 Bedroom Detached Rented in Cantonments,4,4.5,1,"
        ($4500)

A lovely space was made for versatility of it use. The property can be used for either...
        "
"GHC33,000 pm",https://d2rvx5os0838iz.cloudfront.net/uploads/listings/2018/10/33694e9008cf810_t_w_320_h_240.jpg,22 Photos,https://www.brollghana.com/results/residential/to-let/accra/cantonments/townhouse/227/,4 Bedroom Townhouse To Let in Cantonments,4,4,1,"
        4 Bedroom Townhouse for Rent in Cantonments
($5,500)

This beautiful townhouse is located in the...
        "
"GHC35,000 pm",https://d2rvx5os0838iz.cloudfront.net/uploads/listings/2022/06/8b65b72795e6dc0_t_w_320_h_240.jpeg,19 Photos,https://www.brollghana.com/results/residential/to-let/accra/ringway/townhouse/558/,3 Bedroom Townhouse To Let in Ringway,3,3,0,"
        ($3,500)
This beautifully designed townhouse is located in a gated community near Ringway.
This...
        "
"GHC33,000 pm",https://d2rvx5os0838iz.cloudfront.net/uploads/listings/2022/07/cfde8a8161d8272_t_w_320_h_240.jpg,19 Photos,https://www.brollghana.com/results/residential/to-let/accra/cantonments/townhouse/504/,3 Bedroom Townhouse To Let in Cantonments,3,2.5,0,"
        ($ 3,300)

Located in one of Ghana's most sought after neighbourhoods, Cantonments, is this well...
        "
"GHC34,400 pm",https://d2rvx5os0838iz.cloudfront.net/uploads/listings/2019/09/de25d2ba2cf9e14_t_w_320_h_240.jpg,15 Photos,https://www.brollghana.com/results/residential/to-let/accra/north-ridge/apartment/265/,3 Bedroom Apartment To Let in North Ridge,3,3,0,"
        ($4,300)
Stylish, safe, and spacious apartment focused on privacy and comfort with only 15...
        "
"GHC32,400 pm",https://d2rvx5os0838iz.cloudfront.net/uploads/listings/2016/02/f0d8386452fbe1c_t_w_320_h_240.jpg,6 Photos,https://www.brollghana.com/results/residential/to-let/accra/ridge/townhouse/79/,4 Bedroom Townhouse To Let in Ridge,4,3.5,1,"
        ($4,500pm)
This is a beautiful townhouse located in Ridge. The property has four unfurnished...
        "
"GHC32,000 pm",https://d2rvx5os0838iz.cloudfront.net/uploads/listings/2021/06/4953346fb707736_t_w_320_h_240.jpeg,32 Photos,https://www.brollghana.com/results/residential/to-let/accra/east-legon/townhouse/427/,3 Bedroom Townhouse To Let in East Legon,3,3.5,0,"
        ($4,000)

The development makes available beautifully crafted 3 bedroom townhouses identical in...
        "
"GHC32,000 pm",https://d2rvx5os0838iz.cloudfront.net/uploads/listings/2019/10/52139638d1d8c8c_t_w_320_h_240.jpeg,11 Photos,https://www.brollghana.com/results/residential/to-let/accra/cantonments/townhouse/286/,3 Bedroom Townhouse To Let in Cantonments,3,3.5,0,"
        ($4,000pm)
This is an enviable 3-Bedroom Townhouse located in the prestigious Cantonments area. It...
        "
"GHC32,000 pm",https://d2rvx5os0838iz.cloudfront.net/uploads/listings/2021/04/299cfccbdd3896a_t_w_320_h_240.jpg,12 Photos,https://www.brollghana.com/results/residential/to-let/accra/cantonments/apartment/408/,2 Bedroom Apartment To Let in Cantonments,2,2,0,"
        ($4,000)

This 2 bedroom apartment is well furnished with good quality furniture and modern...
        "
"GHC32,000 pm",https://d2rvx5os0838iz.cloudfront.net/uploads/listings/2021/03/fcb16bfb726e23a_t_w_320_h_240.jpg,23 Photos,https://www.brollghana.com/results/residential/to-let/accra/airport-residential-area/apartment/389/,3 Bedroom Apartment To Let in Airport Area,3,3,0,"
        ($4000)
This is a plush development located in the heart of Airport residential area. This 3...
        "
"GHC32,000 pm",https://d2rvx5os0838iz.cloudfront.net/uploads/listings/2022/06/6a1ddae14e1d3ac_t_w_320_h_240.jpeg,25 Photos,https://www.brollghana.com/results/residential/to-let/accra/ridge/apartment/556/,3 Bedroom Apartment To Let in Ridge,3,3.5,0,"
        ($3200)

This lovely 3 bedroom duplex apartment is found in an upscale residential development in...
        "
"GHC32,000 pm",https://d2rvx5os0838iz.cloudfront.net/uploads/listings/2020/03/32fb7e3138c4b03_t_w_320_h_240.jpg,13 Photos,https://www.brollghana.com/results/residential/to-let/accra/airport-residential-area/apartment/318/,3 Bedroom Apartment To Let in Airport Area,3,3,0,"
        ($4,000pm)
This serviced and gated community apartment located in the heart of Airport Residential...
        "
"GHC30,000 pm",https://d2rvx5os0838iz.cloudfront.net/uploads/listings/2022/02/89e8aeba0b6b1c5_t_w_320_h_240.jpg,31 Photos,https://www.brollghana.com/results/residential/to-let/accra/adjiringanor/detached/489/,7 Bedroom Detached To Let in Adjiringanor,7,5.5,2,"
        ($3,000)

Located in Adjiringanor a few metres away from the Galaxy International School is this...
        "
"GHC30,000 pm",https://d2rvx5os0838iz.cloudfront.net/uploads/listings/2021/10/1f221329dc4ba5e_t_w_320_h_240.jpeg,21 Photos,https://www.brollghana.com/results/residential/to-let/accra/east-cantonments/townhouse/439/,4 Bedroom Townhouse To Let in East Cantonments,4,4.5,0,"
        ($5,000)
Located in Cantonments, one of Accra's most prime areas is this luxurious 4 Townhouse...
        "
"GHC30,000 pm",https://d2rvx5os0838iz.cloudfront.net/uploads/listings/2022/07/103fd69092b4cd4_t_w_320_h_240.jpg,18 Photos,https://www.brollghana.com/results/residential/to-let/accra/community-20/detached/578/,4 Bedroom Detached To Let in Community 20,4,4.5,1,"
        ($3000)

This stunning residence unquestionably sets the bar for homes in a gated community. This...
        "
"GHC28,800 pm",https://d2rvx5os0838iz.cloudfront.net/uploads/listings/2016/01/0ed1686442ac630_1_t_w_320_h_240.jpg,5 Photos,https://www.brollghana.com/results/residential/to-let/accra/airport-residential-area/apartment/20/,3 Bedroom Apartment To Let in Airport Area,3,3.5,0,"
        $4000

This a magnificent complex located in Airport. Each apartment has three luxurious bedrooms...
        "
"GHC28,000 pm",https://d2rvx5os0838iz.cloudfront.net/uploads/listings/2022/08/633b002f6575588_t_w_320_h_240.jpg,18 Photos,https://www.brollghana.com/results/residential/to-let/accra/north-ridge/house/538/,3 Bedroom House To Let in North Ridge,3,3.5,1,"
        ($3,500)
This recently renovated two-storey detached home sits on a quiet street in the North...
        "
"GHC28,000 pm",https://d2rvx5os0838iz.cloudfront.net/uploads/listings/2021/04/d59847107af8063_t_w_320_h_240.jpeg,17 Photos,https://www.brollghana.com/results/residential/to-let/accra/airport-hills/detached/396/,4 Bedroom Detached To Let in Airport Hills,4,4,2,"
        ($3500)

This beautifully designed 4 Bedroom House is located in the prestigious Airport Hills...
        "
"GHC28,000 pm",https://d2rvx5os0838iz.cloudfront.net/uploads/listings/2022/05/a98f10c29423c99_t_w_320_h_240.jpg,18 Photos,https://www.brollghana.com/results/residential/to-let/accra/labone/house/537/,3 Bedroom House To Let in Labone,3,2.5,0,"
        ($3,500)
This charming three-bedroom detached home is in a great location in Labone  just off the...
        "
"GHC28,000 pm",https://d2rvx5os0838iz.cloudfront.net/uploads/listings/2020/07/f9e78c5326fe803_t_w_320_h_240.jpeg,10 Photos,https://www.brollghana.com/results/residential/to-let/accra/airport-residential-area/penthouse/344/,4 Bedroom Penthouse To Let in Airport Area,4,4.5,0,"
        ($3,500pm)

This completely equipped 4 bedroom penthouse is located in the Airport Area. This...
        "
"GHC28,000 pm",https://d2rvx5os0838iz.cloudfront.net/uploads/listings/2019/10/f62f2a207c07686_t_w_320_h_240.jpg,6 Photos,https://www.brollghana.com/results/residential/to-let/accra/cantonments/apartment/278/,4 Bedroom Apartment To Let in Cantonments,4,3.5,0,"
        ($3,500)
This is a plush international standard residence designed to meet contemporary home...
        "
"GHC28,000 pm",https://d2rvx5os0838iz.cloudfront.net/uploads/listings/2019/09/4f8665ce2cea9bf_t_w_320_h_240.jpg,16 Photos,https://www.brollghana.com/results/residential/to-let/accra/north-ridge/apartment/264/,2 Bedroom Apartment To Let in North Ridge,2,2,0,"
        ($3,500)
Stylish, safe, and spacious apartment focused on privacy and comfort with only 15...
        "
"GHC28,000 pm",https://d2rvx5os0838iz.cloudfront.net/uploads/listings/2020/06/8c8033cd3b69061_t_w_320_h_240.jpg,10 Photos,https://www.brollghana.com/results/residential/to-let/accra/cantonments/townhouse/335/,3 Bedroom Townhouse To Let in Cantonments,3,3,0,"
        ($3,500pm)
This 3-Bedroom elegant townhome makes living easy and ensures that total comfort needed...
        "
"GHC28,000 pm",https://d2rvx5os0838iz.cloudfront.net/uploads/listings/2020/03/db38b64865b7404_t_w_320_h_240.jpeg,14 Photos,https://www.brollghana.com/results/residential/to-let/accra/east-legon/townhouse/321/,4 Bedroom Townhouse To Let in East Legon,4,4,0,"
        ($3,500pm)
Located at Shiashie in a gated community is this beautiful townhome that presents 4...
        "
"GHC27,360 pm",https://d2rvx5os0838iz.cloudfront.net/uploads/listings/2017/08/072b7ac18d447dc_t_w_320_h_240.jpg,9 Photos,https://www.brollghana.com/results/residential/to-let/accra/cantonments/townhouse/153/,4 Bedroom Townhouse To Let in Cantonments,4,4.5,0,"
        ($3,800pm)
A FOUR BEDROOM TOWNHOUSE
  -
CANTONMENTS

This beautifully built property is...
        "
"GHC27,000 pm",https://d2rvx5os0838iz.cloudfront.net/uploads/listings/2018/10/6f0fc2344b75120_t_w_320_h_240.jpg,10 Photos,https://www.brollghana.com/results/residential/to-let/accra/ridge/townhouse/234/,4 Bedroom Townhouse To Let in Ridge,4,4.5,0,"
        Contact us on 027-775-5777 for a viewing of this luxury townhome

$4500
        "
"GHC27,000 pm",https://d2rvx5os0838iz.cloudfront.net/uploads/listings/2018/10/8630a87368b922d_t_w_320_h_240.jpg,9 Photos,https://www.brollghana.com/results/residential/to-let/accra/airport-residential-area/townhouse/229/,4 Bedroom Townhouse To Let in Airport Area,4,4.5,0,"
        Contact us on 0504-960-880 for a viewing.

($4500)

A beautiful home made to cater for all your...
        "
"GHC26,400 pm",https://d2rvx5os0838iz.cloudfront.net/uploads/listings/2020/08/494c095d1c9e1c6_t_w_320_h_240.jpeg,18 Photos,https://www.brollghana.com/results/residential/to-let/accra/kanda/apartment/359/,3 Bedroom Apartment To Let in Kanda,3,3,0,"
        ($3,300pm)
This 3bedroom apartment is well furnished with good quality furniture and modern...
        "
"GHC25,600 pm",https://d2rvx5os0838iz.cloudfront.net/uploads/listings/2021/06/a9b20d5a4dbba57_t_w_320_h_240.jpg,20 Photos,https://www.brollghana.com/results/residential/to-let/accra/airport-residential-area/apartment/423/,3 Bedroom Apartment To Let in Airport Area,3,2,0,"
        ($3,200)

This splendid apartment is located in Airport West and about three minutes drive from...
        "
"GHC26,000 pm",https://d2rvx5os0838iz.cloudfront.net/uploads/listings/2021/05/3e61cadbb7a52b7_t_w_320_h_240.jpg,16 Photos,https://www.brollghana.com/results/residential/to-let/accra/dzorwulu/detached/414/,4 Bedroom Detached To Let in Dzorwulu,4,4,1,"
        ($3000)

These impressive Dzorwulu townhomes are built to offer a comfortable and secure...
        "
"GHC25,200 pm",https://d2rvx5os0838iz.cloudfront.net/uploads/listings/2016/07/aad8e91a4ae20e3_t_w_320_h_240.jpg,8 Photos,https://www.brollghana.com/results/residential/to-let/accra/ridge/townhouse/103/,3 Bedroom Townhouse To Let in Ridge,3,3.5,0,"
        ($3,500)

A THREE BEDROOM TOWN HOUSE
-
RINGWAY, RIDGE
This outstanding development is located...
        "
"GHC24,000 pm",https://d2rvx5os0838iz.cloudfront.net/uploads/listings/2021/04/351620e4e6031d7_t_w_320_h_240.jpeg,24 Photos,https://www.brollghana.com/results/residential/to-let/accra/east-cantonments/apartment/395/,3 Bedroom Apartment To Let in East Cantonments,3,2,0,"
        ($3000)

This property exerts beauty in a subtle yet undeniably elegant environment, the various...
        "
"GHC25,000 pm",https://d2rvx5os0838iz.cloudfront.net/uploads/listings/2022/05/6adcb4cb96dd78a_t_w_320_h_240.jpeg,13 Photos,https://www.brollghana.com/results/residential/to-let/accra/community-25/guest-house/532/,8 Bedroom Guest House To Let in Community 25,8,8,0,"
        ($2,500)

This beautiful single-storey development sits in the quiet yet likable Community 25...
        "
"GHC25,000 pm",https://d2rvx5os0838iz.cloudfront.net/uploads/listings/2022/04/6d2ee3710f954d7_t_w_320_h_240.jpeg,22 Photos,https://www.brollghana.com/results/residential/to-let/accra/east-airport/house/530/,4 Bedroom House To Let in East Airport,4,3.5,2,"
        ($2,500)
This stunning home located in East Airport, a jewel of the Regimanuel Gray group, is only...
        "
"GHC24,000 pm",https://d2rvx5os0838iz.cloudfront.net/uploads/listings/2022/06/dfadbf382af447c_t_w_320_h_240.jpg,22 Photos,https://www.brollghana.com/results/residential/to-let/accra/airport-residential-area/apartment/539/,3 Bedroom Apartment To Let in Airport Area,3,3,0,"
        ($3000)
 This three bedroom apartment unit sits in a captivating residential development in the...
        "
"GHC24,000 pm",https://d2rvx5os0838iz.cloudfront.net/uploads/listings/2021/04/723fa9fc5184a59_t_w_320_h_240.jpeg,33 Photos,https://www.brollghana.com/results/residential/to-let/accra/airport-residential-area/apartment/402/,3 Bedroom Apartment To Let in Airport Area,3,2.5,0,"
        ($3,000pm)

Located in Airport is this fully furnished magnificent development. Each apartment...
        "
"GHC24,000 pm",https://d2rvx5os0838iz.cloudfront.net/uploads/listings/2022/06/17e28da3504e54b_t_w_320_h_240.jpg,17 Photos,https://www.brollghana.com/results/residential/to-let/accra/accra/apartment/540/,2 Bedroom Apartment To Let in Accra,2,2,0,"
        ($3000)
This two bedroom apartment unit sits in a captivating residential development in the...
        "
"GHC24,000 pm",https://d2rvx5os0838iz.cloudfront.net/uploads/listings/2020/08/2b8bd41b15b303a_t_w_320_h_240.jpg,13 Photos,https://www.brollghana.com/results/residential/to-let/accra/airport-residential-area/apartment/364/,3 Bedroom Apartment To Let in Airport Area,3,3,0,"
        ($3,000pm)
This state-of-the-art 3-Bedroom Apartment is located in the prime area of Airport...
        "
"GHC24,000 pm",https://d2rvx5os0838iz.cloudfront.net/uploads/listings/2020/03/34e0f964a82f390_t_w_320_h_240.jpg,10 Photos,https://www.brollghana.com/results/residential/to-let/accra/airport-residential-area/apartment/311/,3 Bedroom Apartment To Let in Airport Area,3,3,0,"
        ($3,000pm)
These fully furnished 3 bedroom apartments are our most highly demanded units for many...
        "
"GHC23,760 pm",https://d2rvx5os0838iz.cloudfront.net/uploads/listings/2016/01/3d0d08ac597ca56_t_w_320_h_240.jpg,8 Photos,https://www.brollghana.com/results/residential/to-let/accra/accra/apartment/1/,3 Bedroom Apartment To Let in Accra,3,2.5,0,"
        This is a magnificent complex located just off the Polo Grounds in Airport. Each apartment has...
        "
"GHC24,000 pm",https://d2rvx5os0838iz.cloudfront.net/uploads/listings/2020/03/d69dd0511d848f3_t_w_320_h_240.jpg,10 Photos,https://www.brollghana.com/results/residential/to-let/accra/airport-residential-area/apartment/310/,3 Bedroom Apartment To Let in Airport Area,3,3,0,"
        ($3,000pm)
These fully furnished 3 bedroom apartments are our most highly demanded units for many...
        "
"GHC23,000 pm",https://d2rvx5os0838iz.cloudfront.net/uploads/listings/2022/07/bd8aada6f20f41a_t_w_320_h_240.jpg,13 Photos,https://www.brollghana.com/results/residential/to-let/accra/osu/apartment/560/,3 Bedroom Apartment To Let in Osu,3,3.5,1,"
        ($2,300)

This serviced apartment is located in the heart of Osu, a neighbourhood at the heart of...
        "
"GHC22,400 pm",https://d2rvx5os0838iz.cloudfront.net/uploads/listings/2020/08/fef1174240bfd20_t_w_320_h_240.jpeg,14 Photos,https://www.brollghana.com/results/residential/to-let/accra/airport-residential-area/apartment/365/,2 Bedroom Apartment To Let in Airport Area,2,2,0,"
        ($2,800pm)
Located in Accra's foremost residential area, which assures residents the best in...
        "
"GHC22,500 pm",https://d2rvx5os0838iz.cloudfront.net/uploads/listings/2022/02/7f3d28526a3ade5_t_w_320_h_240.jpg,22 Photos,https://www.brollghana.com/results/residential/to-let/accra/ridge/apartment/498/,2 Bedroom Apartment To Let in Ridge,2,2,1,"
        ($ 2,250)

This charming two-bedroom apartment is situated in the prestigious Ridge neighborhood...
        "
"GHC23,040 pm",https://d2rvx5os0838iz.cloudfront.net/uploads/listings/2016/02/a4b925a5d045309_t_w_320_h_240.jpg,5 Photos,https://www.brollghana.com/results/residential/to-let/accra/airport-residential-area/apartment/93/,3 Bedroom Apartment To Let in Airport Area,3,2.5,0,"
        ($3,200)

In the ever growing, bustling and beautiful Airport Residential is this beautiful...
        "
"GHC22,000 pm",https://d2rvx5os0838iz.cloudfront.net/uploads/listings/2020/11/313f6e845e66f67_t_w_320_h_240.jpeg,41 Photos,https://www.brollghana.com/results/residential/to-let/accra/dzorwulu/apartment/368/,2 Bedroom Apartment To Let in Dzorwulu,2,2,0,"
        ($2,750)
Characterized with its modern fixtures and amazing aesthetic, this property boasts of...
        "
"GHC22,000 pm",https://d2rvx5os0838iz.cloudfront.net/uploads/listings/2022/06/9cc732ee435371f_t_w_320_h_240.jpeg,19 Photos,https://www.brollghana.com/results/residential/to-let/accra/cantonments/penthouse/549/,1 Bedroom Penthouse To Let in Cantonments,1,1,0,"
        ($2,200)
Perched on the highest floor of a multi storey development is the enviable one bedroom...
        "
"GHC20,800 pm",https://d2rvx5os0838iz.cloudfront.net/uploads/listings/2021/03/da030e0f268ea06_t_w_320_h_240.jpeg,25 Photos,https://www.brollghana.com/results/residential/to-let/accra/airport-residential-area/apartment/388/,1 Bedroom Apartment To Let in Airport Area,1,1,0,"
        ($2600)
Apartment Units of this impeccable complex clearly exhibits what a comfortable, safe and...
        "
"GHC21,600 pm",https://d2rvx5os0838iz.cloudfront.net/uploads/listings/2016/01/47ea7f79b6d65b1_t_w_320_h_240.jpg,5 Photos,https://www.brollghana.com/results/residential/to-let/accra/accra/apartment/3/,3 Bedroom Apartment To Let in Accra,3,3,0,"
        This luxurious complex is located at Airport. Each apartment has three sizable bedrooms, a spacious...
        "
"GHC21,600 pm",https://d2rvx5os0838iz.cloudfront.net/uploads/listings/2016/01/e8f5230a0d371db_t_w_320_h_240.jpg,7 Photos,https://www.brollghana.com/results/residential/to-let/accra/cantonments/apartment/33/,3 Bedroom Apartment To Let in Cantonments,3,3.5,0,"
        $3000

This is a serviced unfurnished apartment located in Cantonments. The development has three...
        "
"GHC20,160 pm",https://d2rvx5os0838iz.cloudfront.net/uploads/listings/2016/07/95fa233bb3a8b16_t_w_320_h_240.jpg,7 Photos,https://www.brollghana.com/results/residential/to-let/accra/airport-residential-area/apartment/118/,3 Bedroom Apartment To Let in Airport Area,3,2.5,0,"
        ($2,800)
Located in the prime residential area of Airport Residential Area, this apartment offers...
        "
"GHC20,000 pm",https://d2rvx5os0838iz.cloudfront.net/uploads/listings/2021/11/d501882ede6806a_t_w_320_h_240.jpg,14 Photos,https://www.brollghana.com/results/residential/to-let/accra/spintex/house/456/,4 Bedroom House To Let in Spintex,4,3.5,0,"
        THIS IS A BEAUTIFUL PROPERTY IN A GATED COMMUNITY THAT BOASTS OF VERY ESSENTIAL FACILITIES NEEDED...
        "
"GHC20,000 pm",https://d2rvx5os0838iz.cloudfront.net/uploads/listings/2022/06/1cfccc0c3b26f2f_t_w_320_h_240.jpg,21 Photos,https://www.brollghana.com/results/residential/to-let/accra/east-airport/detached/555/,5 Bedroom Detached To Let in East Airport,5,4.5,1,"
        ($2000)
Nestled in East Airport is this two-storey, detached, five-bedroom home with a large paved...
        "
"GHC20,000 pm",https://d2rvx5os0838iz.cloudfront.net/uploads/listings/2020/03/a84d2f49708eea2_t_w_320_h_240.jpg,10 Photos,https://www.brollghana.com/results/residential/to-let/accra/north-ridge/apartment/312/,3 Bedroom Apartment To Let in North Ridge,3,2,0,"
        ($2,500pm)
Located in North Ridge is this Modern Apartment Building that provides comfort and...
        "
"GHC20,000 pm",https://d2rvx5os0838iz.cloudfront.net/uploads/listings/2021/02/d4b1bebfa50ecc2_t_w_320_h_240.jpeg,18 Photos,https://www.brollghana.com/results/residential/to-let/accra/ringway/apartment/379/,2 Bedroom Apartment To Let in Ringway,2,2.5,0,"
        ($2500)

The two-bedroom option of this beautiful property offers a naturally well-lit space...
        "
"GHC20,000 pm",https://d2rvx5os0838iz.cloudfront.net/uploads/listings/2022/05/d49cb53418b70e0_t_w_320_h_240.jpg,12 Photos,https://www.brollghana.com/results/residential/to-let/accra/ridge/apartment/536/,2 Bedroom Apartment To Let in Ridge,2,2,0,"
        ($2,500)

TWO BEDROOM APARTMENT FOR RENT

This two apartment lies in an iconic seven-storey...
        "
"GHC20,000 pm",https://d2rvx5os0838iz.cloudfront.net/uploads/listings/2020/07/e04390da5bd7135_t_w_320_h_240.jpg,8 Photos,https://www.brollghana.com/results/residential/to-let/accra/cantonments/apartment/353/,1 Bedroom Apartment To Let in Cantonments,1,1,0,"
        ($2,500)
This 1bedroom apartment is well furnished with good quality furniture and modern...
        "
"GHC20,000 pm",https://d2rvx5os0838iz.cloudfront.net/uploads/listings/2021/04/60883d3c83049ba_t_w_320_h_240.jpeg,30 Photos,https://www.brollghana.com/results/residential/to-let/accra/labone/apartment/400/,3 Bedroom Apartment To Let in Labone,3,3,0,"
        ($2500)

A lovely space to be called home, bundled in unique apartment units that offers its...
        "
"GHC20,000 pm",https://d2rvx5os0838iz.cloudfront.net/uploads/listings/2019/09/ba84b12c6d03429_t_w_320_h_240.jpg,15 Photos,https://www.brollghana.com/results/residential/to-let/accra/north-ridge/apartment/263/,1 Bedroom Apartment To Let in North Ridge,1,1,0,"
        ($2,500)
Stylish, safe, and spacious apartment focused on privacy and comfort with only 15...
        "
"GHC20,000 pm",https://d2rvx5os0838iz.cloudfront.net/uploads/listings/2019/10/da1234f6d546076_t_w_320_h_240.jpg,14 Photos,https://www.brollghana.com/results/residential/to-let/accra/east-legon/apartment/283/,3 Bedroom Apartment To Let in East Legon,3,2,0,"
        ($2,500pm)
Located at East Legon is this 3 Bedroom fully furnished apartment that presents 2...
        "
"GHC20,000 pm",https://d2rvx5os0838iz.cloudfront.net/uploads/listings/2021/04/bc893406512a951_t_w_320_h_240.jpg,14 Photos,https://www.brollghana.com/results/residential/to-let/accra/spintex/detached/391/,4 Bedroom Detached To Let in Spintex,4,4.5,0,"
        ($2,500)

THIS IS A BEAUTIFUL PROPERTY IN A GATED COMMUNITY THAT BOASTS OF VERY ESSENTIAL...
        "
"GHC20,000 pm",https://d2rvx5os0838iz.cloudfront.net/uploads/listings/2021/06/f3ebcffdd3c8496_t_w_320_h_240.jpeg,20 Photos,https://www.brollghana.com/results/residential/to-let/accra/cantonments/apartment/420/,2 Bedroom Apartment To Let in Cantonments,2,2,0,"
        ($2,500)

This property is part of a beautiful Apartment block that really incorporates security,...
        "
"GHC20,000 pm",https://d2rvx5os0838iz.cloudfront.net/uploads/listings/2021/05/32e1acbc984be42_t_w_320_h_240.jpeg,30 Photos,https://www.brollghana.com/results/residential/to-let/accra/nmai-dzorn/detached/415/,6 Bedroom Detached To Let in Nmai Dzorn,6,8,0,"
        ($2500)

The property features 6 ensuite ample spaced bedrooms along with a large living, 2 study...
        "
"GHC20,000 pm",https://d2rvx5os0838iz.cloudfront.net/uploads/listings/2021/04/bf8c44f5d1c86ac_t_w_320_h_240.jpg,11 Photos,https://www.brollghana.com/results/residential/to-let/accra/cantonments/apartment/407/,1 Bedroom Apartment To Let in Cantonments,1,1,0,"
        ($2,500)
This 1bedroom apartment is well furnished with good quality furniture and modern...
        "
"GHC20,000 pm",https://d2rvx5os0838iz.cloudfront.net/uploads/listings/2022/06/7174b49381785e5_t_w_320_h_240.jpg,14 Photos,https://www.brollghana.com/results/residential/to-let/accra/airport-residential-area/apartment/546/,2 Bedroom Apartment To Let in Airport Area,2,2,0,"
        2 BEDROOM APARTMENT TO LET IN ACCRA
($2,500)
This two bedroom apartment unit sits in a...
        "
"GHC20,000 pm",https://d2rvx5os0838iz.cloudfront.net/uploads/listings/2020/09/2285bce47b3b8d7_t_w_320_h_240.jpeg,14 Photos,https://www.brollghana.com/results/residential/to-let/accra/ridge/house/367/,3 Bedroom House Rented in Ridge,3,2,0,"
        ($2,500)
Located in the heart of Ridge is this 3-Bedroom Colonial-style home. The building is...
        "
"GHC20,000 pm",https://d2rvx5os0838iz.cloudfront.net/uploads/listings/2021/05/4a1a86dfd32eb32_t_w_320_h_240.jpeg,22 Photos,https://www.brollghana.com/results/residential/to-let/accra/adjiringanor/detached/410/,4 Bedroom Detached To Let in Adjiringanor,4,4.5,0,"
        ($2500)

This 4 bedroom, 4.5 bath property located in Adjiringanor is a beautiful family home...
        "
"GHC20,000 pm",https://d2rvx5os0838iz.cloudfront.net/uploads/listings/2020/07/f9b0607946e4ee9_t_w_320_h_240.jpeg,18 Photos,https://www.brollghana.com/results/residential/to-let/accra/airport-residential-area/apartment/346/,3 Bedroom Apartment To Let in Airport Area,3,3.5,0,"
        ($2,500pm)
Bespoke 3-Bedroom Apartment in the heart of the Airport Residential Area.
It is...
        "
"GHC20,000 pm",https://d2rvx5os0838iz.cloudfront.net/uploads/listings/2020/03/6800e7717aab4e1_t_w_320_h_240.jpg,13 Photos,https://www.brollghana.com/results/residential/to-let/accra/airport-residential-area/apartment/317/,2 Bedroom Apartment To Let in Airport Area,2,2,0,"
        ($2,500pm)
This serviced and gated community apartment located in the heart of Airport Residential...
        "
"GHC20,000 pm",https://d2rvx5os0838iz.cloudfront.net/uploads/listings/2021/06/54a7e336e414952_t_w_320_h_240.jpeg,19 Photos,https://www.brollghana.com/results/residential/to-let/accra/airport-residential-area/apartment/421/,3 Bedroom Apartment To Let in Airport Area,3,3,0,"
        ($2,500)

This unit in this beautiful development is part of a peaceful, secure Airport. Where...
        "
"GHC20,000 pm",https://d2rvx5os0838iz.cloudfront.net/uploads/listings/2021/04/45f5affcd174d1d_t_w_320_h_240.jpeg,23 Photos,https://www.brollghana.com/results/residential/to-let/accra/east-cantonments/apartment/394/,2 Bedroom Apartment To Let in East Cantonments,2,2,0,"
        ($2500)

This property exerts beauty in a subtle yet undeniably elegant environment, the various...
        "
"GHC20,000 pm",https://d2rvx5os0838iz.cloudfront.net/uploads/listings/2020/03/8edb5df57797a90_t_w_320_h_240.jpeg,7 Photos,https://www.brollghana.com/results/residential/to-let/accra/sakumono/house/316/,4 Bedroom House To Let in Sakumono,4,4,0,"
        ($2,500pm)
4 Bedroom elegant house in a gated community for rent. 24hr Security, reserve water...
        "
"GHC20,000 pm",https://d2rvx5os0838iz.cloudfront.net/uploads/listings/2021/06/288b3ab65e737bb_t_w_320_h_240.jpeg,23 Photos,https://www.brollghana.com/results/residential/to-let/accra/cantonments/apartment/419/,2 Bedroom Apartment To Let in Cantonments,2,2,0,"
        ($2,500)

This property is part of a beautiful Apartment block that really incorporates security,...
        "
"GHC20,000 pm",https://d2rvx5os0838iz.cloudfront.net/uploads/listings/2022/05/4a3d950dc0b35c1_t_w_320_h_240.jpeg,25 Photos,https://www.brollghana.com/results/residential/to-let/accra/east-legon/detached/535/,6 Bedroom Detached To Let in East Legon,6,5,0,"
        ($ 2,500)
SIX BEDROOM HOUSE FOR RENT

This majestic six-bedroom home is available for rent. An...
        "
"GHC19,440 pm",https://d2rvx5os0838iz.cloudfront.net/uploads/listings/2017/02/7834cd1af432134_t_w_320_h_240.jpg,7 Photos,https://www.brollghana.com/results/residential/to-let/accra/airport-residential-area/apartment/141/,3 Bedroom Apartment To Let in Airport Area,3,2.5,0,"
        ($2,700)
This is a partially furnished magnificent apartment located in calm neighborhood in...
        "
"GHC18,720 pm",https://d2rvx5os0838iz.cloudfront.net/uploads/listings/2017/12/57219ea09cae5d7_t_w_320_h_240.jpg,7 Photos,https://www.brollghana.com/results/residential/to-let/accra/east-cantonments/apartment/170/,2 Bedroom Apartment To Let in East Cantonments,2,2.5,1,"
        ($2,600)
Located in a very quiet neighborhood in east cantonments is this magnificent apartment...
        "
"GHC18,000 pm",https://d2rvx5os0838iz.cloudfront.net/uploads/listings/2018/09/d8241dc0451c553_t_w_320_h_240.jpg,6 Photos,https://www.brollghana.com/results/residential/to-let/accra/east-cantonments/apartment/219/,3 Bedroom Apartment To Let in East Cantonments,3,2.5,0,"
        Located in a very quiet neighborhood in east cantonments is this magnificent apartment unit for...
        "
"GHC18,000 pm",https://d2rvx5os0838iz.cloudfront.net/uploads/listings/2020/07/748d5d94f28fcb6_t_w_320_h_240.jpg,10 Photos,https://www.brollghana.com/results/residential/to-let/accra/east-legon/apartment/108/,3 Bedroom Apartment To Let in East Legon,3,3,0,"
        ($1,800)
Located in East Legon is this outstanding property. It is located right behind A&C...
        "
"GHC18,400 pm",https://d2rvx5os0838iz.cloudfront.net/uploads/listings/2020/05/f1e3cf1443bd917_t_w_320_h_240.jpg,14 Photos,https://www.brollghana.com/results/residential/to-let/accra/ridge/apartment/322/,2 Bedroom Apartment To Let in Ridge,2,2,1,"
        ($2,300pm)
This beautiful apartment unit in Beaufort apartments - Ridge offers a 2-Bedroom with 2...
        "
"GHC18,000 pm",https://d2rvx5os0838iz.cloudfront.net/uploads/listings/2018/10/9e62a2f39f1e053_t_w_320_h_240.jpg,4 Photos,https://www.brollghana.com/results/residential/to-let/accra/airport-residential-area/apartment/232/,3 Bedroom Apartment To Let in Airport Area,3,2.5,0,"
        Contact us on 0504-960-880 for a viewing.

$3,000
        "
"GHC18,400 pm",https://d2rvx5os0838iz.cloudfront.net/uploads/listings/2022/05/4f0bdbd6db88120_t_w_320_h_240.jpg,37 Photos,https://www.brollghana.com/results/residential/to-let/accra/sakumono/detached/533/,4 Bedroom Detached To Let in Sakumono,4,3.5,1,"
        ($2300)

4 BEDROOM HOUSE FOR RENT

In the heart of the coastal town of Sakumono lies this cozy...
        "
"GHC18,000 pm",https://d2rvx5os0838iz.cloudfront.net/uploads/listings/2022/02/22884112b1d95af_t_w_320_h_240.jpeg,13 Photos,https://www.brollghana.com/results/residential/to-let/accra/east-legon/apartment/512/,2 Bedroom Apartment To Let in East Legon,2,2.5,0,"
        ($ 1,800)

This lovely two bedroom apartment sits in a mixed-use residential development...
        "
"GHC18,000 pm",https://d2rvx5os0838iz.cloudfront.net/uploads/listings/2016/02/accf102caaa970c_3_t_w_320_h_240.jpg,6 Photos,https://www.brollghana.com/results/residential/to-let/accra/ridge/apartment/72/,2 Bedroom Apartment To Let in Ridge,2,2.5,0,"
        ($2,500pm)
Located in a calm gated community in Ridge. This serviced and furnished apartment has...
        "
"GHC18,000 pm",https://d2rvx5os0838iz.cloudfront.net/uploads/listings/2017/09/692d333d35abae9_t_w_320_h_240.jpg,8 Photos,https://www.brollghana.com/results/residential/to-let/accra/airport-residential-area/apartment/158/,4 Bedroom Apartment To Let in Airport Area,4,4,0,"
        ($3,000pm)
Located in the prime area of airport residential, this 4 bedroom apartment offers...
        "
"GHC18,000 pm",https://d2rvx5os0838iz.cloudfront.net/uploads/listings/2018/01/c8765406e8012a1_t_w_320_h_240.jpg,7 Photos,https://www.brollghana.com/results/residential/to-let/accra/kanda/apartment/175/,2 Bedroom Apartment To Let in Kanda,2,2.5,1,"
        ($2,500)
This stunning development is located just about one minute drive away from The Flagstaff...
        "
"GHC18,000 pm",https://d2rvx5os0838iz.cloudfront.net/uploads/listings/2020/07/f98bf59c7e5037b_t_w_320_h_240.jpg,13 Photos,https://www.brollghana.com/results/residential/to-let/accra/osu/apartment/2/,3 Bedroom Apartment To Let in Osu,3,2.5,0,"
        ($2,500)

The luxurious complex is located at Osu, just around the Accra sports stadium. Each...
        "
"GHC18,000 pm",https://d2rvx5os0838iz.cloudfront.net/uploads/listings/2022/07/dff99b563fcd218_t_w_320_h_240.jpg,19 Photos,https://www.brollghana.com/results/residential/to-let/accra/sakumono/detached/577/,4 Bedroom Detached To Let in Sakumono,4,4.5,0,"
        ($ 1,800)

This four-bedroom home is nestled in the coastal town of Sakumono. The home is a...
        "
"GHC18,000 pm",https://d2rvx5os0838iz.cloudfront.net/uploads/listings/2016/07/f6db4bde2f80e4c_t_w_320_h_240.png,7 Photos,https://www.brollghana.com/results/residential/to-let/accra/cantonments/apartment/116/,2 Bedroom Apartment To Let in Cantonments,2,1.5,0,"
        ($2,500pm)

This property is beautifully designed and located strategically in Cantonments. Two...
        "
"GHC18,000 pm",https://d2rvx5os0838iz.cloudfront.net/uploads/listings/2018/07/acb598d0f8b2d6e_t_w_320_h_240.JPG,5 Photos,https://www.brollghana.com/results/residential/to-let/accra/spintex/townhouse/212/,7 Bedroom Townhouse To Let in Spintex,7,7.5,0,"
        This is a well planned gated community located at East Airport , and shares a common boundary with...
        "
"GHC18,000 pm",https://d2rvx5os0838iz.cloudfront.net/uploads/listings/2022/03/3e775557c9e92ee_t_w_320_h_240.JPG,14 Photos,https://www.brollghana.com/results/residential/to-let/accra/cantonments/apartment/517/,1 Bedroom Apartment To Let in Cantonments,1,1,0,"
        ($1,800)
This bespoke one bedroom apartment comes fully furnished. This is an extremely...
        "
"GHC17,600 pm",https://d2rvx5os0838iz.cloudfront.net/uploads/listings/2021/03/1c0767e3ae0679a_t_w_320_h_240.jpeg,21 Photos,https://www.brollghana.com/results/residential/to-let/accra/east-airport/detached/382/,5 Bedroom Detached To Let in East Airport,5,5,0,"
        ($2200)

This East Airport property is a beautiful residence, boasting of functionality...
        "
"GHC17,000 pm",https://d2rvx5os0838iz.cloudfront.net/uploads/listings/2021/12/e07cf1d0cf66df3_t_w_320_h_240.jpeg,6 Photos,https://www.brollghana.com/results/residential/to-let/accra/airport/apartment/464/,3 Bedroom Apartment To Let in Airport,3,3.5,0,"
        ($ 1,700)
This elegant 3 bedroom apartment sits in a three-storey structure in the highly...
        "
"GHC17,600 pm",https://d2rvx5os0838iz.cloudfront.net/uploads/listings/2021/04/98b229039812d09_t_w_320_h_240.jpeg,33 Photos,https://www.brollghana.com/results/residential/to-let/accra/labone/apartment/398/,2 Bedroom Apartment To Let in Labone,2,2,0,"
        ($2200)

With its distinct cutting edge design, this Labone apartment complex couples beauty with...
        "
"GHC17,600 pm",https://d2rvx5os0838iz.cloudfront.net/uploads/listings/2019/09/0cbeef83518daf1_t_w_320_h_240.jpg,11 Photos,https://www.brollghana.com/results/residential/to-let/accra/cantonments/apartment/272/,1 Bedroom Apartment To Let in Cantonments,1,1,0,"
        ($2,200)
This is a very comfortable apartment with contemporary fixtures and fittings that satisfy...
        "
"GHC16,500 pm",https://d2rvx5os0838iz.cloudfront.net/uploads/listings/2022/07/d9f4fc28aad5a04_t_w_320_h_240.jpg,23 Photos,https://www.brollghana.com/results/residential/to-let/accra/osu/apartment/559/,3 Bedroom Apartment To Let in Osu,3,3.5,0,"
        ($2,300)

This serviced apartment is located in the heart of Osu, a neighbourhood at the heart of...
        "
"GHC16,000 pm",https://d2rvx5os0838iz.cloudfront.net/uploads/listings/2021/04/5c92b55b3119878_t_w_320_h_240.jpeg,27 Photos,https://www.brollghana.com/results/residential/to-let/accra/labone/apartment/399/,2 Bedroom Apartment To Let in Labone,2,2,0,"
        ($2000)

A lovely space to be called home, bundled in unique apartment units that offers its...
        "
"GHC16,000 pm",https://d2rvx5os0838iz.cloudfront.net/uploads/listings/2021/07/30ea74c6c5866d5_t_w_320_h_240.jpg,12 Photos,https://www.brollghana.com/results/residential/to-let/accra/cantonments/apartment/430/,1 Bedroom Apartment To Let in Cantonments,1,1,0,"
        ($ 2,000)

Located in Accra, 2.4 km from Independence Arch and 3.1 km from Kwame Nkrumah Memorial...
        "
"GHC16,000 pm",https://d2rvx5os0838iz.cloudfront.net/uploads/listings/2020/06/74427c5727cbe32_t_w_320_h_240.jpeg,9 Photos,https://www.brollghana.com/results/residential/to-let/accra/trasacco/house/336/,3 Bedroom House To Let in Trasacco,3,3,0,"
        ($2,000pm)
This property is sited in a serene gated community at Trasacco - Kings Cottage. It...
        "
"GHC16,000 pm",https://d2rvx5os0838iz.cloudfront.net/uploads/listings/2021/04/1dccff5396fbfa8_t_w_320_h_240.jpeg,18 Photos,https://www.brollghana.com/results/residential/to-let/accra/east-cantonments/apartment/393/,1 Bedroom Apartment To Let in East Cantonments,1,1,0,"
        ($2000)

This property exerts beauty in a subtle yet undeniably elegant environment, the various...
        "
"GHC16,000 pm",https://d2rvx5os0838iz.cloudfront.net/uploads/listings/2016/09/ddaa76c23a33c10_t_w_320_h_240.jpg,7 Photos,https://www.brollghana.com/results/residential/to-let/accra/sakumono/house/127/,3 Bedroom House To Let in Sakumono,3,3,0,"
        ($2000)

THREE BEDROOM DETACHED HOUSE, FOR SALE
SAKUMONO

Located in Sakumono and about two...
        "
"GHC16,000 pm",https://d2rvx5os0838iz.cloudfront.net/uploads/listings/2020/12/2f647a904eeeb29_t_w_320_h_240.jpeg,21 Photos,https://www.brollghana.com/results/residential/to-let/accra/east-airport/detached/372/,3 Bedroom Detached To Let in East Airport,3,3,0,"
        ($2000)
Defined by its unique architectural design, this property boasts of being a spacious,...
        "
"GHC15,840 pm",https://d2rvx5os0838iz.cloudfront.net/uploads/listings/2016/10/9fa5d19928b4774_t_w_320_h_240.jpg,9 Photos,https://www.brollghana.com/results/residential/to-let/accra/spintex/townhouse/129/,4 Bedroom Townhouse To Let in Spintex,4,3.5,1,"
        ($2,200pm)

FOUR BEDROOM TOWNHOUSE
       -
CRITERION, SPINTEX

This luxurious townhouse is a...
        "
"GHC15,840 pm",https://d2rvx5os0838iz.cloudfront.net/uploads/listings/2016/02/aa7e4b332fab840_t_w_320_h_240.jpg,5 Photos,https://www.brollghana.com/results/residential/to-let/accra/airport-residential-area/apartment/55/,3 Bedroom Apartment To Let in Airport Area,3,0,0,"
        $2500

This lovely apartment complex is located in the plush Airport residential area. Boasting...
        "
"GHC14,400 pm",https://d2rvx5os0838iz.cloudfront.net/uploads/listings/2021/03/b5cc7233a948914_t_w_320_h_240.jpg,20 Photos,https://www.brollghana.com/results/residential/to-let/accra/ayi-mensah/house/380/,4 Bedroom House To Let in Ayi Mensah,4,3.5,0,"
        ($1800)
The home is located in the Ayi Mensah area and speaks to anyone looking for a home in a...
        "
"GHC14,400 pm",https://d2rvx5os0838iz.cloudfront.net/uploads/listings/2019/11/eaa8275b658dd89_t_w_320_h_240.jpg,8 Photos,https://www.brollghana.com/results/residential/to-let/accra/north-ridge/apartment/44/,3 Bedroom Apartment To Let in North Ridge,3,3,0,"
        $2200

A lovely fully furnished three bedroom apartment located in a serene enclave in North...
        "
"GHC14,400 pm",https://d2rvx5os0838iz.cloudfront.net/uploads/listings/2020/07/5454b492ac2d4d0_t_w_320_h_240.jpg,9 Photos,https://www.brollghana.com/results/residential/to-let/accra/dome/house/339/,4 Bedroom House To Let in Dome,4,4,0,"
        ($1,800pm)
This is an executive Residential House located in a security tight small gated Estate...
        "
"GHC12,800 pm",https://d2rvx5os0838iz.cloudfront.net/uploads/listings/2020/07/581556fe1b4fdc5_t_w_320_h_240.jpeg,9 Photos,https://www.brollghana.com/results/residential/to-let/accra/south-labadi/apartment/340/,2 Bedroom Apartment To Let in South Labadi,2,2,0,"
        ($1,600)

This beautiful furnished property is strategically located in Osu/South La. Each...
        "
"GHC14,400 pm",https://d2rvx5os0838iz.cloudfront.net/uploads/listings/2021/10/a4f3fbee19c8145_t_w_320_h_240.jpeg,36 Photos,https://www.brollghana.com/results/residential/to-let/accra/sakumono/house/434/,4 Bedroom House To Let in Sakumono,4,4.5,0,"
        ($2,400)
This is  a wonderful styled house in a stellar location. This cosy 
home gives one...
        "
"GHC12,800 pm",https://d2rvx5os0838iz.cloudfront.net/uploads/listings/2021/02/49faf277ac9ce64_t_w_320_h_240.jpeg,11 Photos,https://www.brollghana.com/results/residential/to-let/accra/ringway/apartment/378/,1 Bedroom Apartment To Let in Ringway,1,1,0,"
        ($1600)

The one-bedroom option of this beautiful property offers a naturally well-lit space...
        "
"GHC14,400 pm",https://d2rvx5os0838iz.cloudfront.net/uploads/listings/2021/03/8f48c732f02fbec_t_w_320_h_240.jpg,14 Photos,https://www.brollghana.com/results/residential/to-let/accra/dzorwulu/apartment/381/,3 Bedroom Apartment To Let in Dzorwulu,3,3.5,0,"
        ($1800)

This unit is part of a beautiful Apartment block that really incorporates security,...
        "
"GHC12,000 pm",https://d2rvx5os0838iz.cloudfront.net/uploads/listings/2020/07/ae6f87e89a1bfbc_t_w_320_h_240.jpg,4 Photos,https://www.brollghana.com/results/residential/to-let/accra/adjiringanor/house/355/,4 Bedroom House To Let in Adjiringanor,4,4,1,"
        ($1,500)  
Spacious and elegant 4-Bedroom house for rent at Adjiringanor. It has a very spacious...
        "
"GHC11,520 pm",https://d2rvx5os0838iz.cloudfront.net/uploads/listings/2020/07/56c9aa8a816af53_t_w_320_h_240.jpeg,13 Photos,https://www.brollghana.com/results/residential/to-let/accra/east-legon/apartment/107/,2 Bedroom Apartment To Let in East Legon,2,2.5,0,"
        ($1,600)
Located in East Legon is this outstanding property. It is located right behind A&C...
        "
"GHC12,000 pm",https://d2rvx5os0838iz.cloudfront.net/uploads/listings/2018/07/a3183fe460726fd_t_w_320_h_240.jpg,10 Photos,https://www.brollghana.com/results/residential/to-let/accra/spintex/house/207/,4 Bedroom House To Let in Spintex,4,4.5,0.5,"
        This impressive property is located in Maryville Estate, off the popular Spintex road (Manet...
        "
"GHC12,000 pm",https://d2rvx5os0838iz.cloudfront.net/uploads/listings/2022/02/1ba5a43de9794e2_t_w_320_h_240.jpeg,7 Photos,https://www.brollghana.com/results/residential/to-let/accra/east-legon/apartment/511/,1 Bedroom Apartment To Let in East Legon,1,1,0,"
        ($1,200)

This lovely one bedroom apartment sits in a mixed-use residential development...
        "
"GHC10,800 pm",https://d2rvx5os0838iz.cloudfront.net/uploads/listings/2019/11/60a6450c54ec800_t_w_320_h_240.jpeg,8 Photos,https://www.brollghana.com/results/residential/to-let/accra/sakumono/house/214/,4 Bedroom House To Let in Sakumono,4,4.5,1,"
        ($1,800pm)
The property located in Sakumono,  about two minutes drive from Celebrity Golf Park...
        "
"GHC9,600 pm",https://d2rvx5os0838iz.cloudfront.net/uploads/listings/2021/06/bcfc4254fd6ad4e_t_w_320_h_240.jpeg,33 Photos,https://www.brollghana.com/results/residential/to-let/accra/mccarthy-hill/detached/428/,4 Bedroom Detached To Let in Mccarthy Hill,4,4,0,"
        ($1200)
Associated with a quiet and serene setting of McCarthy hills, this property gives its...
        "
"GHC9,600 pm",https://d2rvx5os0838iz.cloudfront.net/uploads/listings/2020/07/ca89e5ecca9c840_t_w_320_h_240.jpeg,14 Photos,https://www.brollghana.com/results/residential/to-let/accra/east-legon/apartment/342/,1 Bedroom Apartment To Let in East Legon,1,1,0,"
        *$1,200*

Located in East Legon is this outstanding property. It is located right behind A&C...
        "
"GHC9,600 pm",https://d2rvx5os0838iz.cloudfront.net/uploads/listings/2020/08/523228ebbe3de4b_t_w_320_h_240.jpeg,5 Photos,https://www.brollghana.com/results/residential/to-let/accra/asofan/house/360/,5 Bedroom House To Let in Asofan,5,4,0,"
        ($1,200pm)
Spacious 5-Bedroom house for rent at Asofan. The property is located in a serene area...
        "
"GHC10,800 pm",https://d2rvx5os0838iz.cloudfront.net/uploads/listings/2018/02/4283038d8df292c_t_w_320_h_240.jpg,8 Photos,https://www.brollghana.com/results/residential/to-let/accra/east-legon/apartment/182/,3 Bedroom Apartment To Let in East Legon,3,2.5,0,"
        ($1,500)
The property is located close to the DEL International Hospital off the Boundary Road in...
        "
"GHC9,600 pm",https://d2rvx5os0838iz.cloudfront.net/uploads/listings/2020/03/1206b10946b71bb_t_w_320_h_240.jpeg,14 Photos,https://www.brollghana.com/results/residential/to-let/accra/tantra-hill/house/325/,4 Bedroom House To Let in Tantra Hill,4,4,0,"
        ($1,200pm)
This beautiful semi-detached (duplex) home presents 4 en-suite Bedrooms with a...
        "
"GHC9,000 pm",https://d2rvx5os0838iz.cloudfront.net/uploads/listings/2019/07/5a011c250f17fd8_t_w_320_h_240.jpg,11 Photos,https://www.brollghana.com/results/residential/to-let/accra/spintex/house/259/,5 Bedroom House To Let in Spintex,5,5.5,0,"
        ($1,500)
This property located in a serene residential part of the Spintex Road presents a...
        "
"GHC10,000 pm",https://d2rvx5os0838iz.cloudfront.net/uploads/listings/2022/02/290c96fe39deb07_t_w_320_h_240.jpeg,6 Photos,https://www.brollghana.com/results/residential/to-let/accra/east-legon/studio-apartment/508/,1 Bedroom Studio Apartment To Let in East Legon,1,1,0,"
        ($ 1000)
This lovely Studio apartment sits in a mixed use residential development encompassing an...
        "
"GHC8,000 pm",https://d2rvx5os0838iz.cloudfront.net/uploads/listings/2021/03/d473308749e3371_t_w_320_h_240.jpeg,23 Photos,https://www.brollghana.com/results/residential/to-let/accra/spintex/detached/383/,3 Bedroom Detached To Let in Spintex,3,3.5,0,"
        ($1000)
This property speaks volume with its distinct beauty and unique design. A beautiful 3...
        "
"GHC8,000 pm",https://d2rvx5os0838iz.cloudfront.net/uploads/listings/2019/10/7bd2e623e00a11d_t_w_320_h_240.jpg,7 Photos,https://www.brollghana.com/results/residential/to-let/accra/kokrobite/house/279/,5 Bedroom House To Let in Kokrobite,5,3,0,"
        ($1,000)
This property has a very spacious compound that can support further development or be...
        "
"GHC7,200 pm",https://d2rvx5os0838iz.cloudfront.net/uploads/listings/2020/06/c649ff3e2d98317_t_w_320_h_240.jpeg,14 Photos,https://www.brollghana.com/results/residential/to-let/accra/east-legon/apartment/106/,1 Bedroom Apartment To Let in East Legon,1,1.5,0,"
        ($1,000)
Located in East Legon is this outstanding property. It is located right behind A&C...
        "
"GHC2,880 pm",https://d2rvx5os0838iz.cloudfront.net/uploads/listings/2022/07/9e9fb5d82fc20bf_t_w_320_h_240.jpg,10 Photos,https://www.brollghana.com/results/residential/to-let/accra/lashibi/apartment/570/,3 Bedroom Apartment To Let in Lashibi,3,3,0,"
        ($288)
Found in the neighbourhood  Lashibi is this three-bedroom apartment available for rent....
        "
"GHC2,250 pm",https://d2rvx5os0838iz.cloudfront.net/uploads/listings/2022/07/5180da46509ebc0_t_w_320_h_240.jpg,8 Photos,https://www.brollghana.com/results/residential/to-let/accra/lashibi/apartment/571/,2 Bedroom Apartment To Let in Lashibi,2,2,0,"
        ($225)
Found in the neighbourhood  Lashibi is this two-bedroom apartment available for rent. This...
        "